Title,Price,Location
"كورنر اس فيلا للبيع بخصم 50% واطول فتره اقساط (لفتره محدوده) في كمبوند سراي بجوار مدينتي Corner S Villa for sale in Sarai Compound, next to Madinaty.","8,900,000","سراى، مدينة المستقبل، القاهرة"
استلم دلوقتي فيلا جاهزة للسكن علي اللاجون مباشرة في زايد الجديدة بجوار بيفرلي هيلز وفاي سوديك,"7,500,000","زايد الجديدة، الشيخ زايد، الجيزة"
شقه للبيع في كمبوند بالم هيلز نيو كايرو مرحله cleo water متشطبه الترا سوبر لوكس باقل من سعر الشركه,"14,121,000","كومباوند بالم هيلز القاهرة الجديدة، التجمع الخامس، القاهرة الجديدة، القاهرة"
سعر الإطلاق – شاليه جاهز 2 غرفة نوم بإطلالة كاملة على البحر,"8,300,000","المونت جلالة، العين السخنة، السويس"
استلام فوري باقل سعر في السوق فيو مميز جدا في كمبوند بالم هيلز نيو كايرو - التجمع الخامس Palm Hills New Cairo,"75,000,000","كومباوند بالم هيلز القاهرة الجديدة، التجمع الخامس، القاهرة الجديدة، القاهرة"
فيلا مستقله للبيع استلام فوري باقل سعر في السوق فيو مميز في كمبوند بالم هيلز نيو كايرو التجمع الخامس palm hills new cairo,"35,000,000","كومباوند بالم هيلز القاهرة الجديدة، التجمع الخامس، القاهرة الجديدة، القاهرة"
اقل سعر شقة استلام فوري للبيع في بالم هيلز القاهرة الجديدة Palm Hills New Cairo,"10,400,000","كومباوند بالم هيلز القاهرة الجديدة، التجمع الخامس، القاهرة الجديدة، القاهرة"
فيلا مستقلة استلام فوري في هايد بارك – بجوار الجامعة الأمريكية والتسعين الجنوبي,"7,500,000","كومباوند هايد بارك القاهرة الجديدة، التجمع الخامس، القاهرة الجديدة، القاهرة"
شقة جاهزة للاستلام للبيع في بالم هيلز التجمع Palm Hills New Cairo بـ 3 غرف نوم ماستر,"11,000,000","كومباوند بالم هيلز القاهرة الجديدة، التجمع الخامس، القاهرة الجديدة، القاهرة"
"شقة اوبن فيو للبيع في ماونتن فيو آي سيتي، القاهرة الجديدة (يشمل الصيانة والنادي و باركينج) Mountain View iCity, New Cairo","8,500,000","كومباوند ماونتن فيو اى سيتي، التجمع الخامس، القاهرة الجديدة، القاهرة"
فيلا مستقلة بمساحة 385 م بتراس – جاهزة للمعاينه في بالم هيلز التجمع الخامس Palm Hills New Cairo,"32,000,000","كومباوند بالم هيلز القاهرة الجديدة، التجمع الخامس، القاهرة الجديدة، القاهرة"
اقل سعر فيلا مستقلة 255م في ماونتن فيو 1.1 التجمع الخامس Mountain View 1.1 New Cairo,"21,500,000","ماونتن فيو 1.1، التجمع الخامس، القاهرة الجديدة، القاهرة"
"شقة للبيع في ماونتن فيو، هايد بارك، القاهرة الجديدة Mountain View Hyde Park New Cairo","6,900,000","كومباوند ماونتن فيو هايد بارك، التجمع الخامس، القاهرة الجديدة، القاهرة"
امتلك شقة 112 متر في قلب الشيخ زايد في كومباوند ايفوري بخصم مميز للكاش,"8,000,000","كومباوند ايفوري، الشيخ زايد، الجيزة"
فيلا جاهزة للسكن في ماونتن بجوار نيو جيزة,"11,500,000","كومباوند ماونتن فيو - اكتوبر بارك، 6 أكتوبر، الجيزة"
اكبر فيلا متشطبه وجاهزه للاستلام بأقل سعر prime location في قلب التجمع الخامس بجانب AUC,"34,000,000","كومباوند فيليت، التجمع الخامس، القاهرة الجديدة، القاهرة"
العين السخنة,"3,950,000","العين السخنة، السويس"
دوبليكس بجاردن مميز في مونتي نابليوني بمقدم 10% واستلام 2028 – كامله التشطيب – بمستقبل سيتي,"15,730,000","مونت نابليون، مدينة المستقبل، القاهرة"
فيلا مستقلة للبيع ميفيدا - بارسل 22,"51,500,000","كومباوند ميفيدا، التجمع الخامس، القاهرة الجديدة، القاهرة"
شقة استلام فورى برايم لوكيشن فى بيفرلى هيلز,"5,100,000","كومباوند بيفرلى هيلز، الشيخ زايد، الجيزة"
شقة استلام فورى فيو لاند سكيب برايم لوكيشن فى بيفرلى هيلز,"5,200,000","كومباوند بيفرلى هيلز، الشيخ زايد، الجيزة"
فيلا توين هاوس للبيع فيبالم هيلز - القاهرة الجديدة,"22,500,000","كومباوند بالم هيلز القاهرة الجديدة، التجمع الخامس، القاهرة الجديدة، القاهرة"
فيلا تاون هاوس كورنربمساحة 560 متر استلام فورى وجاهره للمعاينه في لوكيشن مميز وأقل سعر في كمبوند لايان القاهرة الجديدة layan new cairo,"23,500,000","كومباوند لايان، التجمع الخامس، القاهرة الجديدة، القاهرة"
لو بتدور على عائد بالدولار… الوحدة دي مش هتتكرر,"5,000,000","المونت جلالة، العين السخنة، السويس"
"كورنر اس فيلا للبيع بخصم 50% واطول فتره اقساط (لفتره محدوده) في كمبوند سراي بجوار مدينتي Corner S Villa for sale in Sarai Compound, next to Madinaty.","8,900,000","سراى، مدينة المستقبل، القاهرة"
استلم دلوقتي فيلا جاهزة للسكن علي اللاجون مباشرة في زايد الجديدة بجوار بيفرلي هيلز وفاي سوديك,"7,500,000","زايد الجديدة، الشيخ زايد، الجيزة"
شقه للبيع في كمبوند بالم هيلز نيو كايرو مرحله cleo water متشطبه الترا سوبر لوكس باقل من سعر الشركه,"14,121,000","كومباوند بالم هيلز القاهرة الجديدة، التجمع الخامس، القاهرة الجديدة، القاهرة"
سعر الإطلاق – شاليه جاهز 2 غرفة نوم بإطلالة كاملة على البحر,"8,300,000","المونت جلالة، العين السخنة، السويس"
استلام فوري باقل سعر في السوق فيو مميز جدا في كمبوند بالم هيلز نيو كايرو - التجمع الخامس Palm Hills New Cairo,"75,000,000","كومباوند بالم هيلز القاهرة الجديدة، التجمع الخامس، القاهرة الجديدة، القاهرة"
فيلا مستقله للبيع استلام فوري باقل سعر في السوق فيو مميز في كمبوند بالم هيلز نيو كايرو التجمع الخامس palm hills new cairo,"35,000,000","كومباوند بالم هيلز القاهرة الجديدة، التجمع الخامس، القاهرة الجديدة، القاهرة"
اقل سعر شقة استلام فوري للبيع في بالم هيلز القاهرة الجديدة Palm Hills New Cairo,"10,400,000","كومباوند بالم هيلز القاهرة الجديدة، التجمع الخامس، القاهرة الجديدة، القاهرة"
فيلا مستقلة استلام فوري في هايد بارك – بجوار الجامعة الأمريكية والتسعين الجنوبي,"7,500,000","كومباوند هايد بارك القاهرة الجديدة، التجمع الخامس، القاهرة الجديدة، القاهرة"
شقة جاهزة للاستلام للبيع في بالم هيلز التجمع Palm Hills New Cairo بـ 3 غرف نوم ماستر,"11,000,000","كومباوند بالم هيلز القاهرة الجديدة، التجمع الخامس، القاهرة الجديدة، القاهرة"
"شقة اوبن فيو للبيع في ماونتن فيو آي سيتي، القاهرة الجديدة (يشمل الصيانة والنادي و باركينج) Mountain View iCity, New Cairo","8,500,000","كومباوند ماونتن فيو اى سيتي، التجمع الخامس، القاهرة الجديدة، القاهرة"
فيلا مستقلة بمساحة 385 م بتراس – جاهزة للمعاينه في بالم هيلز التجمع الخامس Palm Hills New Cairo,"32,000,000","كومباوند بالم هيلز القاهرة الجديدة، التجمع الخامس، القاهرة الجديدة، القاهرة"
اقل سعر فيلا مستقلة 255م في ماونتن فيو 1.1 التجمع الخامس Mountain View 1.1 New Cairo,"21,500,000","ماونتن فيو 1.1، التجمع الخامس، القاهرة الجديدة، القاهرة"
"شقة للبيع في ماونتن فيو، هايد بارك، القاهرة الجديدة Mountain View Hyde Park New Cairo","6,900,000","كومباوند ماونتن فيو هايد بارك، التجمع الخامس، القاهرة الجديدة، القاهرة"
امتلك شقة 112 متر في قلب الشيخ زايد في كومباوند ايفوري بخصم مميز للكاش,"8,000,000","كومباوند ايفوري، الشيخ زايد، الجيزة"
فيلا جاهزة للسكن في ماونتن بجوار نيو جيزة,"11,500,000","كومباوند ماونتن فيو - اكتوبر بارك، 6 أكتوبر، الجيزة"
اكبر فيلا متشطبه وجاهزه للاستلام بأقل سعر prime location في قلب التجمع الخامس بجانب AUC,"34,000,000","كومباوند فيليت، التجمع الخامس، القاهرة الجديدة، القاهرة"
العين السخنة,"3,950,000","العين السخنة، السويس"
دوبليكس بجاردن مميز في مونتي نابليوني بمقدم 10% واستلام 2028 – كامله التشطيب – بمستقبل سيتي,"15,730,000","مونت نابليون، مدينة المستقبل، القاهرة"
فيلا مستقلة للبيع ميفيدا - بارسل 22,"51,500,000","كومباوند ميفيدا، التجمع الخامس، القاهرة الجديدة، القاهرة"
شقة استلام فورى برايم لوكيشن فى بيفرلى هيلز,"5,100,000","كومباوند بيفرلى هيلز، الشيخ زايد، الجيزة"
شقة استلام فورى فيو لاند سكيب برايم لوكيشن فى بيفرلى هيلز,"5,200,000","كومباوند بيفرلى هيلز، الشيخ زايد، الجيزة"
فيلا توين هاوس للبيع فيبالم هيلز - القاهرة الجديدة,"22,500,000","كومباوند بالم هيلز القاهرة الجديدة، التجمع الخامس، القاهرة الجديدة، القاهرة"
فيلا تاون هاوس كورنربمساحة 560 متر استلام فورى وجاهره للمعاينه في لوكيشن مميز وأقل سعر في كمبوند لايان القاهرة الجديدة layan new cairo,"23,500,000","كومباوند لايان، التجمع الخامس، القاهرة الجديدة، القاهرة"
لو بتدور على عائد بالدولار… الوحدة دي مش هتتكرر,"5,000,000","المونت جلالة، العين السخنة، السويس"
"كورنر اس فيلا للبيع بخصم 50% واطول فتره اقساط (لفتره محدوده) في كمبوند سراي بجوار مدينتي Corner S Villa for sale in Sarai Compound, next to Madinaty.","8,900,000","سراى، مدينة المستقبل، القاهرة"
استلم دلوقتي فيلا جاهزة للسكن علي اللاجون مباشرة في زايد الجديدة بجوار بيفرلي هيلز وفاي سوديك,"7,500,000","زايد الجديدة، الشيخ زايد، الجيزة"
شقه للبيع في كمبوند بالم هيلز نيو كايرو مرحله cleo water متشطبه الترا سوبر لوكس باقل من سعر الشركه,"14,121,000","كومباوند بالم هيلز القاهرة الجديدة، التجمع الخامس، القاهرة الجديدة، القاهرة"
سعر الإطلاق – شاليه جاهز 2 غرفة نوم بإطلالة كاملة على البحر,"8,300,000","المونت جلالة، العين السخنة، السويس"
استلام فوري باقل سعر في السوق فيو مميز جدا في كمبوند بالم هيلز نيو كايرو - التجمع الخامس Palm Hills New Cairo,"75,000,000","كومباوند بالم هيلز القاهرة الجديدة، التجمع الخامس، القاهرة الجديدة، القاهرة"
فيلا مستقله للبيع استلام فوري باقل سعر في السوق فيو مميز في كمبوند بالم هيلز نيو كايرو التجمع الخامس palm hills new cairo,"35,000,000","كومباوند بالم هيلز القاهرة الجديدة، التجمع الخامس، القاهرة الجديدة، القاهرة"
اقل سعر شقة استلام فوري للبيع في بالم هيلز القاهرة الجديدة Palm Hills New Cairo,"10,400,000","كومباوند بالم هيلز القاهرة الجديدة، التجمع الخامس، القاهرة الجديدة، القاهرة"
فيلا مستقلة استلام فوري في هايد بارك – بجوار الجامعة الأمريكية والتسعين الجنوبي,"7,500,000","كومباوند هايد بارك القاهرة الجديدة، التجمع الخامس، القاهرة الجديدة، القاهرة"
شقة جاهزة للاستلام للبيع في بالم هيلز التجمع Palm Hills New Cairo بـ 3 غرف نوم ماستر,"11,000,000","كومباوند بالم هيلز القاهرة الجديدة، التجمع الخامس، القاهرة الجديدة، القاهرة"
"شقة اوبن فيو للبيع في ماونتن فيو آي سيتي، القاهرة الجديدة (يشمل الصيانة والنادي و باركينج) Mountain View iCity, New Cairo","8,500,000","كومباوند ماونتن فيو اى سيتي، التجمع الخامس، القاهرة الجديدة، القاهرة"
فيلا مستقلة بمساحة 385 م بتراس – جاهزة للمعاينه في بالم هيلز التجمع الخامس Palm Hills New Cairo,"32,000,000","كومباوند بالم هيلز القاهرة الجديدة، التجمع الخامس، القاهرة الجديدة، القاهرة"
اقل سعر فيلا مستقلة 255م في ماونتن فيو 1.1 التجمع الخامس Mountain View 1.1 New Cairo,"21,500,000","ماونتن فيو 1.1، التجمع الخامس، القاهرة الجديدة، القاهرة"
"شقة للبيع في ماونتن فيو، هايد بارك، القاهرة الجديدة Mountain View Hyde Park New Cairo","6,900,000","كومباوند ماونتن فيو هايد بارك، التجمع الخامس، القاهرة الجديدة، القاهرة"
امتلك شقة 112 متر في قلب الشيخ زايد في كومباوند ايفوري بخصم مميز للكاش,"8,000,000","كومباوند ايفوري، الشيخ زايد، الجيزة"
فيلا جاهزة للسكن في ماونتن بجوار نيو جيزة,"11,500,000","كومباوند ماونتن فيو - اكتوبر بارك، 6 أكتوبر، الجيزة"
اكبر فيلا متشطبه وجاهزه للاستلام بأقل سعر prime location في قلب التجمع الخامس بجانب AUC,"34,000,000","كومباوند فيليت، التجمع الخامس، القاهرة الجديدة، القاهرة"
العين السخنة,"3,950,000","العين السخنة، السويس"
دوبليكس بجاردن مميز في مونتي نابليوني بمقدم 10% واستلام 2028 – كامله التشطيب – بمستقبل سيتي,"15,730,000","مونت نابليون، مدينة المستقبل، القاهرة"
فيلا مستقلة للبيع ميفيدا - بارسل 22,"51,500,000","كومباوند ميفيدا، التجمع الخامس، القاهرة الجديدة، القاهرة"
شقة استلام فورى برايم لوكيشن فى بيفرلى هيلز,"5,100,000","كومباوند بيفرلى هيلز، الشيخ زايد، الجيزة"
شقة استلام فورى فيو لاند سكيب برايم لوكيشن فى بيفرلى هيلز,"5,200,000","كومباوند بيفرلى هيلز، الشيخ زايد، الجيزة"
فيلا توين هاوس للبيع فيبالم هيلز - القاهرة الجديدة,"22,500,000","كومباوند بالم هيلز القاهرة الجديدة، التجمع الخامس، القاهرة الجديدة، القاهرة"
فيلا تاون هاوس كورنربمساحة 560 متر استلام فورى وجاهره للمعاينه في لوكيشن مميز وأقل سعر في كمبوند لايان القاهرة الجديدة layan new cairo,"23,500,000","كومباوند لايان، التجمع الخامس، القاهرة الجديدة، القاهرة"
لو بتدور على عائد بالدولار… الوحدة دي مش هتتكرر,"5,000,000","المونت جلالة، العين السخنة، السويس"
